{"cameraMode":{"drawMode":0,"name":"Shaded","section":"Shading Mode"},"sceneLighting":true,"audioPlay":false,"sceneViewState":{"showFog":true,"showMaterialUpdate":true,"showSkybox":true,"showFlares":true,"showImageEffects":true,"showParticleSystems":true},"in2DMode":false,"pivot":{"x":-1.127672791481018,"y":3.4944725036621095,"z":14.073805809020996},"rotation":{"x":0.6719301342964172,"y":0.0017801988869905472,"z":-0.0016141673550009728,"w":0.7406107187271118},"size":124.19141387939453,"orthographic":false}