{"cameraMode":{"drawMode":0,"name":"Shaded","section":"Shading Mode"},"sceneLighting":false,"audioPlay":false,"sceneViewState":{"showFog":true,"showMaterialUpdate":true,"showSkybox":true,"showFlares":true,"showImageEffects":true,"showParticleSystems":true},"in2DMode":false,"pivot":{"x":0.0,"y":0.03555546700954437,"z":0.2666659355163574},"rotation":{"x":0.6719301342964172,"y":0.0017801988869905472,"z":-0.0016141673550009728,"w":0.7406107187271118},"size":1.976678490638733,"orthographic":false}