{"cameraMode":{"drawMode":0,"name":"Shaded","section":"Shading Mode"},"sceneLighting":true,"audioPlay":false,"sceneViewState":{"showFog":true,"showMaterialUpdate":true,"showSkybox":true,"showFlares":true,"showImageEffects":true,"showParticleSystems":true},"in2DMode":false,"pivot":{"x":-0.9625351428985596,"y":-194.42770385742188,"z":178.30712890625},"rotation":{"x":0.40775564312934878,"y":-0.006026985589414835,"z":0.002691409084945917,"w":0.9130672812461853},"size":1048.1943359375,"orthographic":false}