{"cameraMode":{"drawMode":0,"name":"Shaded","section":"Shading Mode"},"sceneLighting":false,"audioPlay":false,"sceneViewState":{"showFog":true,"showMaterialUpdate":true,"showSkybox":true,"showFlares":true,"showImageEffects":true,"showParticleSystems":true},"in2DMode":false,"pivot":{"x":-0.0020599365234375,"y":-5.960464477539063e-8,"z":6.642060279846191},"rotation":{"x":0.21427710354328156,"y":0.021388698369264604,"z":-0.00469337310642004,"w":0.9765274524688721},"size":7.6222147941589359,"orthographic":false}