{"cameraMode":{"drawMode":0,"name":"Shaded","section":"Shading Mode"},"sceneLighting":false,"audioPlay":false,"sceneViewState":{"showFog":true,"showMaterialUpdate":true,"showSkybox":true,"showFlares":true,"showImageEffects":true,"showParticleSystems":true},"in2DMode":false,"pivot":{"x":0.0,"y":0.03555546700954437,"z":0.2666659355163574},"rotation":{"x":0.6708127856254578,"y":0.0028941852506250145,"z":-0.0026178446132689716,"w":0.7416164875030518},"size":1.976678490638733,"orthographic":false}